Time,Frequency
9.7e-05,40609.137055837564
0.000194,40404.04040404041
0.000294,40609.13705583756
0.000392,39800.99502487562
0.000491,39024.39024390244
0.000593,38834.95145631068
0.000696,38461.53846153847
0.000799,38095.23809523811
0.000904,37383.177570093474
0.001009,18957.345971563987
0.0011179999999999999,14492.753623188406
0.0014309999999999998,20942.40837696334
0.0016699999999999998,19801.9801980198
0.001813,17167.381974248932
0.002074,20512.820512820526
0.0022789999999999998,26143.790849673216
0.0024639999999999996,33057.85123966942
0.0025849999999999996,32258.064516129038
0.0027059999999999996,31872.509960159372
0.0028329999999999996,32128.51405622489
0.0029569999999999996,32258.064516129038
0.0030819999999999997,31746.031746031793
0.0032049999999999995,31128.40466926072
0.0033339999999999993,31372.549019607843
0.0034619999999999994,31496.062992125997
0.0035889999999999993,31496.062992125997
0.0037159999999999993,31128.40466926072
0.003842999999999999,27118.6440677966
0.003972999999999999,24539.877300613505
0.004137999999999999,20408.163265306124
0.004298999999999999,20202.020202020176
0.004529999999999999,24169.18429003017
0.0046949999999999995,21857.92349726776
0.004861,9205.983889528194
0.9121870000000002,10680.907877169564
0.9871960000000001,8762.322015334623
0.987859,17021.276595745752
0.988109,16736.40167364092
0.988329,12288.786482335678
