Time,Frequency
0.000126,31372.549019607843
0.000252,31372.549019607846
0.000381,31496.062992125993
0.000507,31250.000000000007
0.0006349999999999999,31496.062992125986
0.0007629999999999999,31496.062992125986
0.0008889999999999999,31496.062992125986
0.001017,31372.549019607843
0.001143,31250.000000000007
0.001272,31007.7519379845
0.0013989999999999999,31250.000000000007
0.00153,31620.5533596838
0.0016549999999999998,31007.7519379845
0.0017829999999999999,31128.40466926072
0.0019129999999999998,31128.40466926072
0.0020399999999999997,31128.40466926072
0.0021699999999999996,31250.000000000033
0.0022969999999999996,31250.000000000033
0.0024259999999999993,31128.40466926072
0.0025529999999999993,30888.030888030873
0.002682999999999999,31249.99999999998
0.0028119999999999994,31372.549019607843
0.0029389999999999993,31007.7519379845
0.0030669999999999994,31007.7519379845
0.0031969999999999993,31128.404669260664
0.0033249999999999994,31128.404669260664
0.0034539999999999996,30888.030888030873
0.0035819999999999997,30769.23076923074
0.0037129999999999997,31007.7519379845
0.003842,27777.77777777777
0.003971,24922.118380062297
0.00413,27210.884353741498
0.004292,31128.404669260664
0.004424,31372.549019607843
0.004549,30534.35114503816
0.004679,31007.751937984445
0.004811,31620.553359683716
0.004937,31128.404669260664
0.005064000000000001,30418.250950570316
0.005194000000000001,27210.884353741498
0.005327000000000001,24767.80185758518
0.005488000000000001,24767.80185758518
0.0056500000000000005,27397.260273972628
0.005811,30418.250950570316
0.005942,30769.23076923079
0.006074,30769.23076923079
0.006202,30418.250950570316
0.006334,24316.10942249238
0.006465,24539.877300613505
0.0066630000000000005,27397.260273972628
0.006791,26845.637583892647
0.006955,17353.579175705003
0.007089,11080.332409972292
0.155161,12176.560121765255
0.155591,24390.2439024394
0.155818,10050.251256281519
0.155919,8849.55752212401
3.248684,9489.916963224892
3.249195,12030.075187967434
3.615674,8492.56900212516
