Time,Frequency
0.000147,26936.02693602694
0.00029299999999999997,26229.50819672131
0.00044399999999999995,25559.1054313099
0.000598,25316.455696202534
0.000757,25236.593059936917
0.000914,25000.00000000001
0.0010739999999999999,24539.877300613505
0.0012339999999999999,24169.184290030218
0.0013999999999999998,24024.024024024027
0.0015649999999999998,23738.872403560843
0.0017329999999999997,23809.523809523816
0.0019019999999999996,23255.813953488363
0.0020689999999999997,22727.272727272735
0.0022459999999999997,23188.405797101463
0.0024209999999999995,23121.387283236996
0.0025909999999999996,20050.125313283206
0.0027669999999999995,20100.50251256282
0.0029899999999999996,19851.116625310187
0.0031649999999999994,19851.116625310187
0.0033929999999999993,22408.963585434194
0.003567999999999999,22346.368715083812
0.003749999999999999,19801.98019801981
0.15334599999999998,29304.02930402979
0.15347999999999998,27972.027972027143
0.15361899999999998,27210.884353739973
0.15376599999999999,26845.637583890773
0.153913,26315.789473684323
0.154064,26058.631921826316
0.154217,25723.47266881211
0.15437099999999998,25157.232704403705
0.15452799999999997,24922.11838006324
0.15468899999999997,24922.11838006324
0.15484899999999996,24615.384615385225
0.15500999999999995,24242.424242424466
0.15517399999999995,23952.095808383165
0.15533999999999995,23952.095808383165
0.15550799999999995,23598.820058996636
0.15567399999999995,23188.405797100644
0.15584699999999996,23255.81395348763
0.15601899999999996,23323.615160349178
0.15619099999999997,23121.387283236127
0.15636199999999997,22792.022792021624
0.15653699999999998,22535.211267604238
0.156713,17699.115044247475
0.156892,17857.1428571427
0.157165,22662.889518412318
0.15734,20100.502512562336
0.15751800000000002,19801.980198020407
0.15773800000000002,22160.664819944584
0.157922,22346.368715083972
0.46695899999999996,13961.60558464112
0.467284,19047.61904761762
0.467532,20618.556701030957
0.467704,20833.33333333358
0.46792,23323.615160351063
0.468088,22792.02279202343
0.468263,22471.910112358102
0.468439,19512.195121950197
0.468619,19464.720194647452
0.468849,22160.664819944584
0.46903,22099.447513810388
0.46921,21505.37634408377
0.46939200000000003,21390.37433154846
0.46958200000000005,21563.342318058705
0.4697660000000001,15414.25818882491
0.46995300000000007,11922.50372578282
