Time,Frequency
8.3e-05,47904.19161676647
0.000167,47619.04761904761
0.00025,46783.62573099416
0.000335,46511.627906976755
0.000421,46242.77456647401
0.000507,45977.011494252874
0.0005939999999999999,45714.28571428571
0.000681,45454.54545454547
0.0007689999999999999,39603.96039603962
0.0008569999999999999,39215.68627450981
0.0009709999999999999,14336.917562724011
0.0010609999999999999,9975.06234413965
0.001529,14571.948998178506
0.001863,20833.333333333343
0.002078,25806.45161290323
0.002247,33333.33333333331
0.002388,40609.137055837535
0.002487,40816.32653061225
0.002585,40609.137055837535
0.002683,40816.32653061225
0.002782,41025.64102564105
0.002879,29629.629629629646
0.002977,23188.405797101463
0.003149,22727.272727272735
0.003322,13355.592654424037
0.21691199999999997,43715.84699453821
0.21701399999999996,48780.4878048788
0.21709499999999995,47904.19161676633
0.21717799999999995,47337.27810650818
0.21726199999999996,30888.03088802979
0.21734699999999996,28070.175438595754
0.21752099999999996,15564.202334630752
0.21763199999999996,14869.888475836902
0.21803499999999995,35242.2907488979
0.21816999999999995,44198.895027620776
0.21826199999999996,43478.26086956108
0.21835099999999996,42553.19148935684
0.21844599999999997,43243.243243238925
0.21853899999999998,42553.19148935684
0.218631,42105.26315788953
0.218727,42328.04232803729
0.21882100000000002,41450.777202072815
0.21891600000000003,41450.777202072815
0.21901400000000001,41884.81675392133
0.21910900000000003,41450.77720206685
0.21920500000000004,40816.326530611885
0.21930200000000005,36866.35944700546
0.21940100000000004,23598.820058996636
1.3305680000000002,8403.36134453725
5.694295,20000.0000000022
5.694496,13793.103448269989
5.694695,11204.481792711978
5.695076,14336.917562705397
5.695409000000001,13223.140495863643
5.695634000000001,8255.933952532183
6.020572000000001,16326.53061227111
6.020817000000001,13864.818024267573
6.328184,12779.552715663704
6.328406,9913.258983890928
6.32881,8238.928939231779
6.64315,13961.605584638415
6.643499,16359.91820041028
6.6437230000000005,13913.043478271804
6.643988,10582.010582010877
6.644298,8121.8274111674
