Time,Frequency
0.000473,9615.384615384615
0.0008619999999999999,10088.27238335435
0.001305,10680.90787716956
0.001655,10810.810810810812
0.002054,10204.081632653062
0.002395,10075.566750629723
0.002838,8583.690987124462
0.003189,8611.410118406888
14.169239000000012,10269.576379979058
14.689805000000012,14571.948998192665
14.690078000000012,17937.21973093493
14.690354000000012,21917.808219154496
14.690524000000012,20671.834625327527
14.690719000000012,19323.671497536714
14.690911000000012,9523.809523807551
14.787559000000014,23809.52380946853
14.787713000000014,21563.342317987725
14.787895000000015,18648.018647998793
14.788084000000016,19851.11662529169
14.788324000000015,26058.63192172501
14.788487000000016,25477.707006267377
14.788631000000017,17167.381974205175
14.788801000000017,13445.378151247685
14.789097000000018,16161.616161590031
14.789396000000018,9111.61731207127
14.884500000000019,16528.925619829555
14.884750000000018,24691.358024624362
14.884984000000019,40816.32653045582
14.885074000000019,28268.55123661272
14.88518000000002,30075.18796993867
14.88535700000002,43956.04395633517
14.88544600000002,39024.39024402721
14.88553900000002,29090.909090882935
14.885651000000019,31746.03174606993
14.88581400000002,34934.497816724084
14.885903000000019,31007.751937920126
14.886043000000019,33613.44537796868
14.886161000000019,37383.17756983304
14.88628100000002,42553.19148904272
14.88637500000002,42553.19148904272
14.886469000000021,42328.04232789432
14.886563000000022,41884.81675411002
14.886658000000022,41237.1134023392
14.886754000000021,41025.64102569927
14.88685200000002,41450.77720219203
14.88694900000002,40816.32653082575
14.88704500000002,40609.137055837
14.88714500000002,41025.64102569927
14.88724200000002,40609.137055837
14.88734000000002,40609.137055837
14.88743900000002,40609.137055837
14.88753700000002,40404.040403830084
14.88763600000002,40201.0050250686
14.88773500000002,40201.0050250686
14.88783500000002,40404.040403830084
14.88793400000002,39800.99502476437
14.888033000000021,24390.243902464164
