Time,Frequency
9.7e-05,40609.137055837564
0.000194,40609.13705583757
0.000294,41025.64102564103
0.00039099999999999996,40201.00502512564
0.000489,40201.00502512564
0.0005899999999999999,40609.13705583756
0.0006879999999999999,40404.040404040396
0.0007869999999999999,39999.999999999985
0.000886,40404.040404040374
0.000987,40609.137055837535
0.0010840000000000001,40201.00502512564
0.0011840000000000002,40000.00000000002
0.001283,39603.96039603962
0.001384,40000.00000000002
0.001485,39800.99502487562
0.001584,39800.99502487562
0.001686,35242.29074889868
0.001785,34934.497816593845
0.001913,39603.960396039576
0.002014,39408.866995073884
0.002115,31496.062992125997
0.0022170000000000002,16632.016632016643
0.002369,17621.14537444934
0.002698,13888.888888888885
0.228676,20100.502512563737
0.22891699999999998,29629.629629630457
0.22907399999999997,39215.686274507934
0.22918699999999997,43956.043956040216
0.22927799999999998,43956.043956040216
0.229369,43715.84699453158
0.22946,43243.243243238925
0.229552,43243.243243238925
0.22964500000000002,43010.75268816754
0.22973700000000002,42553.19148935684
0.22983100000000004,42780.74866309692
0.22992500000000005,42780.74866309692
0.23001800000000006,42553.19148935684
0.23011200000000007,41884.81675392133
0.23020600000000008,42105.26315788953
0.2303030000000001,41884.81675392742
0.2303960000000001,41450.777202072815
0.2304940000000001,41884.81675392133
0.2305890000000001,41666.666666661135
0.2306850000000001,41450.77720206685
0.23078100000000012,41237.11340205601
0.23087800000000014,41237.11340205601
0.23097500000000015,40816.326530611885
0.23107200000000017,40816.326530611885
0.23117100000000015,41025.64102564087
0.23126800000000017,41237.113402061914
0.23136600000000015,40201.00502512467
0.23146200000000017,40201.00502512467
0.23156500000000016,41237.113402061914
0.23166100000000017,40609.13705584272
0.23175900000000016,40609.13705584272
0.23185800000000015,31999.99999999997
0.23195600000000013,31999.99999999997
0.23210800000000015,32653.061224490433
0.23220600000000013,32388.6639676117
0.23235300000000014,39408.86699507759
0.23245300000000013,39408.86699507759
0.23255600000000012,35714.2857142854
0.2326560000000001,14732.965009207677
