Time,Frequency
9.499999999999999e-05,41666.666666666664
0.00019099999999999998,41666.666666666664
0.000287,41237.113402061856
0.000383,40609.13705583756
0.000481,36866.359447004594
0.00058,29962.54681647939
0.000698,28985.507246376812
0.0008470000000000001,35714.28571428571
0.000974,40816.32653061225
0.0010710000000000001,40201.00502512564
0.00117,39603.960396039576
0.00127,40201.005025125596
0.0013720000000000002,35714.28571428571
0.0014690000000000003,31620.5533596838
0.0015960000000000002,26229.508196721315
0.0017220000000000002,22408.96358543418
0.10577099999999999,39215.686274507934
0.105844,38647.342995166706
0.105975,51948.05194805149
0.106051,51612.90322581029
0.106129,40000.00000000163
0.106206,40000.00000000163
0.10632899999999999,30075.187969926115
0.10801399999999999,20202.02020202053
0.10824499999999998,30888.030888031444
0.10840999999999998,37735.849056605555
0.10850399999999998,37383.17757009486
0.10862199999999997,42328.042328043506
0.10871799999999997,37209.30232558261
0.10881099999999996,36529.68036529731
0.10893299999999996,41450.777202072815
0.10902999999999996,41666.66666666716
0.10912599999999996,41025.64102564087
0.10922199999999996,40609.137055837
0.10932099999999996,40816.326530611885
0.10941899999999996,40609.137055837
0.10951699999999996,40816.326530611885
0.10961599999999996,41025.64102564087
0.10971299999999996,39999.99999999886
0.10981099999999996,39999.99999999886
0.10991299999999997,40201.00502512467
0.11001099999999997,39999.99999999886
0.11011199999999997,39800.99502487429
0.11021099999999998,39800.99502487429
0.11031299999999998,40404.040404039646
0.11041199999999998,39408.866995072196
0.11051099999999998,39215.686274507934
0.11061499999999999,39603.96039603809
0.110715,31249.99999999924
0.110817,31249.99999999924
0.110971,31249.99999999924
0.212488,9195.402298850473
0.212988,12499.999999999967
0.21335800000000002,15503.875968992588
0.213628,12718.60095389526
0.449499,12903.225806451417
0.449845,11730.205278592102
4.976542999999999,9280.74245940002
5.028623999999999,8105.369807502353
