Time,Frequency
0.000179,22222.222222222223
0.00035899999999999994,22284.122562674092
0.000539,22408.963585434172
0.000718,22099.447513812152
0.000896,21978.021978021974
0.00108,22038.567493112943
0.00126,22160.6648199446
0.001443,22346.368715083798
0.001621,21857.92349726776
0.001801,21917.80821917809
0.001987,22160.664819944614
0.002166,21978.021978021992
0.002348,22160.664819944614
0.0025299999999999997,22038.567493112943
0.0027089999999999996,21621.621621621616
0.0028929999999999997,21798.365122615796
0.0030789999999999997,22099.447513812134
0.00326,21917.808219178063
0.003441,21739.130434782594
0.003625,19464.720194647187
0.0038090000000000003,19512.19512195121
0.0040360000000000005,21917.80821917809
0.0042190000000000005,21917.80821917809
0.004401,21739.130434782594
0.004584,21680.216802167997
0.004769000000000001,21798.365122615796
0.004953000000000001,21563.34231805931
0.005136000000000001,21333.333333333365
0.005324000000000001,21798.365122615847
0.005511,21978.021978021992
0.005691,21680.216802167997
0.005875,21447.72117962466
0.00606,21505.376344086024
0.006248,21798.365122615796
0.006432,19230.769230769245
0.006615,17021.276595744683
0.006848,19138.755980861246
0.007085,21621.62162162164
0.007266,19047.61904761904
0.007455,19002.375296912138
0.007686,21276.595744680875
0.007876,19093.078758949836
0.008062,17094.017094017043
0.008295,16913.319238900593
0.008530000000000001,18691.588785046748
0.008768000000000001,13093.289689034398
1.7330439999999994,9248.554913293561
1.9737769999999997,8519.701810436425
1.9743349999999997,11315.417256011104
1.9747159999999997,10101.010101008495
3.2224180000000016,8350.730688933221
3.3843890000000014,9720.534629404403
3.3848430000000014,8658.008658009361
3.5656140000000014,10869.565217386993
3.5866530000000023,8368.20083682046
3.5871770000000023,8376.963350786944
3.5876090000000023,8376.963350786944
3.6259190000000014,8350.730688937092
3.7140490000000024,8048.2897384310745
3.7278200000000017,9950.248756218572
3.7323530000000016,8040.201005024486
3.7894670000000015,8403.361344539211
3.840596000000002,9378.663540443125
3.882994000000002,14814.814814815229
3.8831960000000016,10349.288486414756
3.899033000000002,9227.220299885179
3.969594000000003,12102.874432677345
3.9801420000000034,8620.68965517617
6.226601000000003,11544.011544010633
6.349583000000001,13582.34295414537
6.472127000000004,18390.80459768393
6.740082000000005,9815.950920242602
