Time,Frequency
0.000127,31007.751937984493
0.000255,30769.230769230766
0.00038500000000000003,30888.030888030888
0.000515,31372.549019607843
0.000644,31249.999999999996
0.0007700000000000001,31128.404669260693
0.0009000000000000001,31128.404669260704
0.0010270000000000001,30418.250950570342
0.001157,30769.230769230766
0.0012900000000000001,31128.40466926072
0.001417,30888.0308880309
0.001547,31007.7519379845
0.001676,31007.7519379845
0.001805,31007.751937984525
0.001934,30769.23076923079
0.0020629999999999997,30651.34099616859
0.0021939999999999998,31007.7519379845
0.0023239999999999997,31007.7519379845
0.0024519999999999998,30888.030888030873
0.0025819999999999997,30651.34099616854
0.002711,27397.260273972588
0.002843,27397.260273972588
0.003003,30651.34099616854
0.003135,30651.34099616854
0.0032640000000000004,31007.7519379845
0.0033960000000000006,31128.40466926072
0.0035220000000000004,30418.250950570316
0.0036530000000000004,30534.35114503811
0.0037850000000000006,30888.030888030873
0.003915000000000001,30888.030888030928
0.004044000000000001,30651.34099616859
0.004174000000000001,30651.34099616859
0.004305000000000001,30769.23076923079
0.004435000000000001,30651.34099616859
0.0045650000000000005,30888.030888030928
0.0046960000000000005,30888.030888030928
0.004824,30534.35114503816
0.004955,30418.250950570316
0.005086,30651.34099616859
0.005218,30769.23076923079
0.005347,30534.35114503816
0.005478,30303.030303030264
0.005609,30651.34099616859
0.005742000000000001,30651.34099616859
0.00587,30418.250950570316
0.0060030000000000005,30418.250950570316
0.006133,30534.35114503816
0.006266000000000001,27027.02702702708
0.0063950000000000005,26666.666666666675
0.006562,30651.34099616859
0.006695,18867.92452830189
0.006823,17353.57917570497
