Time,Frequency
8.9e-05,44444.444444444445
0.00017999999999999998,44943.8202247191
0.000269,44692.73743016761
0.000358,43478.26086956522
0.00044799999999999994,43478.26086956521
0.000542,44198.89502762432
0.000632,43243.243243243254
0.0007229999999999999,42780.74866310161
0.0008169999999999999,43010.752688172026
0.0009099999999999999,38461.53846153843
0.001003,38277.51196172249
0.001118,37914.691943128
0.001212,38095.23809523811
0.0013289999999999999,37735.84905660378
0.0014219999999999999,37037.03703703703
0.0015409999999999998,30888.030888030873
0.001638,28571.42857142856
0.0018,30651.34099616859
0.001918,22471.91011235955
0.418908,35398.23008849495
0.419057,52980.13245032683
0.419134,52631.578947354225
0.419208,51282.05128203649
0.41928600000000005,50955.41401273294
0.41936400000000007,50000.00000000204
0.41944300000000007,50314.46540879863
0.41952400000000006,50314.46540879863
0.4196020000000001,49382.71604938409
0.4196830000000001,49079.7546012197
0.4197640000000001,48484.848484840775
0.4198460000000001,48192.7710843375
0.4199290000000001,48192.7710843375
0.4200120000000001,47904.19161677429
0.4200950000000001,47058.82352942617
0.4201790000000001,46783.62573100052
0.42026500000000006,46783.62573100052
0.42035000000000006,45977.011494265564
0.42043600000000003,45714.28571429075
0.420524,45714.28571429075
0.420611,45454.545454557345
0.420699,44692.73743017141
0.42078699999999997,44692.73743017141
0.420878,44692.73743017141
0.42096599999999995,44444.44444444111
0.42105699999999996,44198.89502762755
0.42114599999999996,43715.84699453821
0.42123799999999995,44444.44444444111
0.42132899999999995,43715.84699453821
0.42141799999999996,43478.2608695742
0.42151199999999994,43478.2608695742
0.4216019999999999,43010.75268818037
0.4216959999999999,43478.2608695742
0.4217879999999999,43243.24324324541
0.42187999999999987,43243.24324324541
0.4219729999999999,37914.69194313493
0.42206499999999986,31007.751937986843
0.42218399999999984,30888.03088802979
0.6448999999999998,20408.163265303054
0.6451369999999998,22662.889518410535
0.6452919999999999,24316.10942249065
