Time,Frequency
0.000129,30188.679245283027
0.00026099999999999995,30075.187969924817
0.00039399999999999993,29304.029304029315
0.0005269999999999999,29304.029304029315
0.0006669999999999998,29411.764705882353
0.0007999999999999998,29197.080291970797
0.0009389999999999998,29304.02930402929
0.0010739999999999999,28985.50724637679
0.001212,28880.86642599277
0.256953,33755.2742616052
0.257071,29090.909090912293
0.25719,28673.83512545073
0.25734599999999996,28571.428571428318
0.25746899999999995,28268.5512367458
0.25762599999999997,31249.999999995853
0.257752,30769.230769226273
0.257882,30769.230769226273
0.258012,30651.340996167266
0.25814200000000004,30303.030303031857
0.25827300000000003,30075.187969926115
0.258406,30075.187969926115
0.258539,29850.74626865778
0.258672,29629.629629630457
0.258807,29411.76470588295
0.258942,29304.02930402681
0.259079,28985.507246376972
0.25921500000000003,25559.10543131381
0.259355,25559.10543131381
0.259528,28673.83512545073
0.25966799999999995,13201.320132013301
0.25980699999999995,10695.187165775817
0.754508,9615.38461538398
1.066033,14059.75395430477
1.066221,12288.786482335678
1.066602,18867.924528302778
1.066872,22922.636103156285
1.067026,23054.755043235957
1.067221,22988.505747125448
1.067373,18561.48491879048
1.067569,20512.820512826274
1.067804,25559.105431309275
1.0679589999999999,25477.707006357457
1.068117,25477.707006357457
1.068273,25396.82539682014
1.0684310000000001,25157.232704399314
1.068588,22408.963585423957
1.0687490000000002,22222.222222213706
1.0689450000000003,24844.72049688241
1.0691090000000003,24999.999999992346
1.0692670000000004,21917.808219181163
