Time,Frequency
8.499999999999999e-05,46242.77456647399
0.000172,46242.77456647399
0.000258,45977.011494252874
0.000345,45454.545454545456
0.000432,45197.74011299436
0.000521,45197.74011299436
0.000609,44692.737430167595
0.0006979999999999999,44444.44444444444
0.000788,44198.8950276243
0.000878,43715.846994535495
0.000969,43715.84699453552
0.001061,43715.84699453552
0.001152,43243.24324324323
0.001244,43010.75268817205
0.001337,42553.1914893617
0.00143,42553.1914893617
0.001525,37209.30232558141
0.001618,30303.030303030315
0.00174,33472.80334728036
0.001882,41884.81675392675
0.001979,41666.666666666686
0.0020729999999999998,41450.77720207253
0.0021709999999999998,42105.263157894726
0.002266,40816.32653061225
0.002361,41025.64102564105
0.0024619999999999998,36529.6803652968
0.0025559999999999997,36036.03603603604
0.002681,36363.63636363641
0.0027779999999999997,29520.29520295203
0.0029009999999999995,27210.884353741498
0.0030489999999999996,12539.184952978063
0.0031949999999999995,8342.022940563085
0.20352599999999998,48192.7710843375
0.20360799999999998,47058.8235294108
0.20369199999999998,46242.77456647225
0.203778,46511.62790697526
0.203865,46242.77456647225
0.20395,45454.545454543004
0.204038,45197.740112991676
0.204126,44943.820224716204
0.204215,44692.73743016448
0.204304,44444.44444444111
0.20439400000000002,44198.895027620776
0.20448400000000003,43715.84699453158
0.20457500000000003,43715.84699453158
0.20466700000000004,43956.043956040216
0.20475800000000005,43010.75268816754
0.20484900000000006,42553.19148935684
0.20494400000000007,42780.74866309692
0.20503700000000008,42105.26315788953
0.2051310000000001,42328.04232803729
0.2052270000000001,42553.19148935684
0.2053200000000001,41666.666666661135
0.20541500000000013,41884.81675392133
0.20551200000000014,33472.80334727796
0.20560600000000015,27681.66089965288
0.20575100000000016,16528.925619834296
